dt,x,y,position,velocity,acceleration,jerk,heading
0.020000,4.000119,3.410000,0.000199,0.019900,0.995025,49.751244,0.000000
0.020000,4.000915,3.410000,0.000995,0.039801,0.995025,-0.000000,0.000000
0.020000,4.002706,3.410000,0.002786,0.089552,2.487562,74.626866,0.000000
0.020000,4.005691,3.410000,0.005771,0.149254,2.985075,24.875622,0.000000
0.020000,4.009870,3.410000,0.009950,0.208955,2.985075,-0.000000,0.000000
0.020000,4.015243,3.410000,0.015323,0.268657,2.985075,0.000000,0.000000
0.020000,4.021811,3.410000,0.021891,0.328358,2.985075,-0.000000,0.000000
0.020000,4.029572,3.410000,0.029652,0.388060,2.985075,0.000000,0.000000
0.020000,4.038527,3.410000,0.038607,0.447761,2.985075,0.000000,0.000000
0.020000,4.048676,3.410000,0.048756,0.507463,2.985075,-0.000000,0.000000
0.020000,4.060020,3.410000,0.060100,0.567164,2.985075,0.000000,0.000000
0.020000,4.072557,3.410000,0.072637,0.626866,2.985075,0.000000,0.000000
0.020000,4.086288,3.410000,0.086368,0.686567,2.985075,0.000000,0.000000
0.020000,4.101214,3.410000,0.101294,0.746269,2.985075,0.000000,0.000000
0.020000,4.117333,3.410000,0.117413,0.805970,2.985075,-0.000000,0.000000
0.020000,4.134646,3.410000,0.134726,0.865672,2.985075,0.000000,0.000000
0.020000,4.153154,3.410000,0.153234,0.925373,2.985075,0.000000,0.000000
0.020000,4.172855,3.410000,0.172935,0.985075,2.985075,0.000000,0.000000
0.020000,4.193751,3.410000,0.193831,1.044776,2.985075,-0.000000,0.000000
0.020000,4.215840,3.410000,0.215920,1.104478,2.985075,0.000000,0.000000
0.020000,4.239124,3.410000,0.239204,1.164179,2.985075,0.000000,0.000000
0.020000,4.263602,3.410000,0.263682,1.223881,2.985075,-0.000000,0.000000
0.020000,4.289273,3.410000,0.289353,1.283582,2.985075,0.000000,0.000000
0.020000,4.316139,3.410000,0.316219,1.343284,2.985075,0.000000,0.000000
0.020000,4.344199,3.410000,0.344279,1.402985,2.985075,-0.000000,0.000000
0.020000,4.373452,3.410000,0.373532,1.462687,2.985075,0.000000,0.000000
0.020000,4.403900,3.410000,0.403980,1.522388,2.985075,0.000000,0.000000
0.020000,4.435542,3.410000,0.435622,1.582090,2.985075,0.000000,0.000000
0.020000,4.468378,3.410000,0.468458,1.641791,2.985075,0.000000,0.000000
0.020000,4.502408,3.410000,0.502488,1.701493,2.985075,0.000000,0.000000
0.020000,4.537631,3.410000,0.537711,1.761194,2.985075,0.000000,0.000000
0.020000,4.574049,3.410000,0.574129,1.820896,2.985075,-0.000000,0.000000
0.020000,4.611661,3.410000,0.611741,1.880597,2.985075,0.000000,0.000000
0.020000,4.650467,3.410000,0.650547,1.940299,2.985075,0.000000,0.000000
0.020000,4.690467,3.410000,0.690547,2.000000,2.985075,0.000000,0.000000
0.020000,4.731661,3.410000,0.731741,2.059701,2.985075,-0.000000,0.000000
0.020000,4.774049,3.410000,0.774129,2.119403,2.985075,0.000000,0.000000
0.020000,4.817631,3.410000,0.817711,2.179104,2.985075,-0.000000,0.000000
0.020000,4.862408,3.410000,0.862488,2.238806,2.985075,0.000000,0.000000
0.020000,4.908378,3.410000,0.908458,2.298507,2.985075,-0.000000,0.000000
0.020000,4.955542,3.410000,0.955622,2.358209,2.985075,0.000000,0.000000
0.020000,5.003900,3.410000,1.003980,2.417910,2.985075,-0.000000,0.000000
0.020000,5.053452,3.410000,1.053532,2.477612,2.985075,-0.000000,0.000000
0.020000,5.104199,3.410000,1.104279,2.537313,2.985075,0.000000,0.000000
0.020000,5.156139,3.410000,1.156219,2.597015,2.985075,-0.000000,0.000000
0.020000,5.209273,3.410000,1.209353,2.656716,2.985075,0.000000,0.000000
0.020000,5.263602,3.410000,1.263682,2.716418,2.985075,0.000000,0.000000
0.020000,5.319124,3.410000,1.319204,2.776119,2.985075,0.000000,0.000000
0.020000,5.375840,3.410000,1.375920,2.835821,2.985075,-0.000000,0.000000
0.020000,5.433751,3.410000,1.433831,2.895522,2.985075,0.000000,0.000000
0.020000,5.492855,3.410000,1.492935,2.955224,2.985075,-0.000000,0.000000
0.020000,5.553154,3.410000,1.553234,3.014925,2.985075,0.000000,0.000000
0.020000,5.614646,3.410000,1.614726,3.074627,2.985075,0.000000,0.000000
0.020000,5.677333,3.410000,1.677413,3.134328,2.985075,0.000000,0.000000
0.020000,5.741214,3.410000,1.741294,3.194030,2.985075,-0.000000,0.000000
0.020000,5.806288,3.410000,1.806368,3.253731,2.985075,0.000000,0.000000
0.020000,5.872557,3.410000,1.872637,3.313433,2.985075,0.000000,0.000000
0.020000,5.940020,3.410000,1.940100,3.373134,2.985075,0.000000,0.000000
0.020000,6.008676,3.410000,2.008756,3.432836,2.985075,0.000000,0.000000
0.020000,6.078527,3.410000,2.078607,3.492537,2.985075,-0.000000,0.000000
0.020000,6.149572,3.410000,2.149652,3.552239,2.985075,-0.000000,0.000000
0.020000,6.221811,3.410000,2.221891,3.611940,2.985075,0.000000,0.000000
0.020000,6.295243,3.410000,2.295323,3.671642,2.985075,0.000000,0.000000
0.020000,6.369870,3.410000,2.369950,3.731343,2.985075,-0.000000,0.000000
0.020000,6.445691,3.410000,2.445771,3.791045,2.985075,0.000000,0.000000
0.020000,6.522706,3.410000,2.522786,3.850746,2.985075,-0.000000,0.000000
0.020000,6.600915,3.410000,2.600995,3.910448,2.985075,0.000000,0.000000
0.020000,6.680119,3.410000,2.680199,3.960199,2.487562,-24.875622,0.000000
0.020000,6.759920,3.410000,2.760000,3.990050,1.492537,-49.751244,0.000000
0.020000,6.839920,3.410000,2.840000,4.000000,0.497512,-49.751244,0.000000
0.020000,6.919920,3.410000,2.920000,4.000000,-0.000000,-24.875622,0.000000
0.020000,6.999920,3.410000,3.000000,4.000000,0.000000,0.000000,0.000000
0.020000,7.079920,3.410000,3.080000,4.000000,0.000000,-0.000000,0.000000
0.020000,7.159920,3.410000,3.160000,4.000000,0.000000,0.000000,0.000000
0.020000,7.239920,3.410000,3.240000,4.000000,0.000000,0.000000,0.000000
0.020000,7.319920,3.410000,3.320000,4.000000,0.000000,0.000000,0.000000
0.020000,7.399920,3.410000,3.400000,4.000000,0.000000,0.000000,0.000000
0.020000,7.479920,3.410000,3.480000,4.000000,0.000000,0.000000,0.000000
0.020000,7.559920,3.410000,3.560000,4.000000,0.000000,0.000000,0.000000
0.020000,7.639920,3.410000,3.640000,4.000000,0.000000,0.000000,0.000000
0.020000,7.719920,3.410000,3.720000,4.000000,0.000000,0.000000,0.000000
0.020000,7.799920,3.410000,3.800000,4.000000,0.000000,0.000000,0.000000
0.020000,7.879920,3.410000,3.880000,4.000000,0.000000,0.000000,0.000000
0.020000,7.959920,3.410000,3.960000,4.000000,0.000000,0.000000,0.000000
0.020000,8.039920,3.410000,4.040000,4.000000,0.000000,0.000000,0.000000
0.020000,8.119920,3.410000,4.120000,4.000000,0.000000,0.000000,0.000000
0.020000,8.199920,3.410000,4.200000,4.000000,0.000000,-0.000000,0.000000
0.020000,8.279920,3.410000,4.280000,4.000000,0.000000,0.000000,0.000000
0.020000,8.359920,3.410000,4.360000,4.000000,0.000000,0.000000,0.000000
0.020000,8.439920,3.410000,4.440000,4.000000,0.000000,0.000000,0.000000
0.020000,8.519920,3.410000,4.520000,4.000000,0.000000,0.000000,0.000000
0.020000,8.599920,3.410000,4.600000,4.000000,0.000000,0.000000,0.000000
0.020000,8.679920,3.410000,4.680000,4.000000,0.000000,0.000000,0.000000
0.020000,8.759920,3.410000,4.760000,4.000000,0.000000,0.000000,0.000000
0.020000,8.839920,3.410000,4.840000,4.000000,0.000000,0.000000,0.000000
0.020000,8.919920,3.410000,4.920000,4.000000,0.000000,0.000000,0.000000
0.020000,8.999920,3.410000,5.000000,4.000000,0.000000,0.000000,0.000000
0.020000,9.079920,3.410000,5.080000,4.000000,0.000000,0.000000,0.000000
0.020000,9.159920,3.410000,5.160000,4.000000,0.000000,0.000000,0.000000
0.020000,9.239920,3.410000,5.240000,4.000000,0.000000,0.000000,0.000000
0.020000,9.319920,3.410000,5.320000,4.000000,0.000000,0.000000,0.000000
0.020000,9.399920,3.410000,5.400000,4.000000,0.000000,0.000000,0.000000
0.020000,9.479920,3.410000,5.480000,4.000000,0.000000,0.000000,0.000000
0.020000,9.559920,3.410000,5.560000,4.000000,-0.000000,-0.000000,0.000000
0.020000,9.639920,3.410000,5.640000,4.000000,0.000000,0.000000,0.000000
0.020000,9.719920,3.410000,5.720000,4.000000,0.000000,-0.000000,0.000000
0.020000,9.799920,3.410000,5.800000,4.000000,0.000000,0.000000,0.000000
0.020000,9.879920,3.410000,5.880000,4.000000,0.000000,0.000000,0.000000
0.020000,9.959920,3.410000,5.960000,4.000000,0.000000,0.000000,0.000000
0.020000,10.039920,3.410000,6.040000,4.000000,0.000000,0.000000,0.000000
0.020000,10.119920,3.410000,6.120000,4.000000,0.000000,0.000000,0.000000
0.020000,10.199920,3.410000,6.200000,4.000000,0.000000,0.000000,0.000000
0.020000,10.279920,3.410000,6.280000,4.000000,0.000000,0.000000,0.000000
0.020000,10.359920,3.410000,6.360000,4.000000,0.000000,0.000000,0.000000
0.020000,10.439920,3.410000,6.440000,4.000000,0.000000,0.000000,0.000000
0.020000,10.519920,3.410000,6.520000,4.000000,-0.000000,-0.000000,0.000000
0.020000,10.599920,3.410000,6.600000,4.000000,0.000000,0.000000,0.000000
0.020000,10.679920,3.410000,6.680000,4.000000,0.000000,-0.000000,0.000000
0.020000,10.759920,3.410000,6.760000,4.000000,0.000000,0.000000,0.000000
0.020000,10.839920,3.410000,6.840000,4.000000,0.000000,0.000000,0.000000
0.020000,10.919920,3.410000,6.920000,4.000000,0.000000,0.000000,0.000000
0.020000,10.999920,3.410000,7.000000,4.000000,0.000000,0.000000,0.000000
0.020000,11.079920,3.410000,7.080000,4.000000,0.000000,0.000000,0.000000
0.020000,11.159920,3.410000,7.160000,4.000000,0.000000,0.000000,0.000000
0.020000,11.239920,3.410000,7.240000,4.000000,0.000000,0.000000,0.000000
0.020000,11.319920,3.410000,7.320000,4.000000,0.000000,0.000000,0.000000
0.020000,11.399920,3.410000,7.400000,4.000000,0.000000,0.000000,0.000000
0.020000,11.479920,3.410000,7.480000,4.000000,0.000000,0.000000,0.000000
0.020000,11.559920,3.410000,7.560000,4.000000,0.000000,0.000000,0.000000
0.020000,11.639920,3.410000,7.640000,4.000000,0.000000,0.000000,0.000000
0.020000,11.719920,3.410000,7.720000,4.000000,0.000000,0.000000,0.000000
0.020000,11.799920,3.410000,7.800000,4.000000,0.000000,0.000000,0.000000
0.020000,11.879920,3.410000,7.880000,4.000000,0.000000,0.000000,0.000000
0.020000,11.959920,3.410000,7.960000,4.000000,0.000000,0.000000,0.000000
0.020000,12.036559,3.410040,8.036639,3.831946,-8.402700,-420.135017,0.002199
0.020000,12.110224,3.410367,8.110305,3.683309,-7.431842,48.542939,0.006691
0.020000,12.183781,3.411027,8.183864,3.677962,-0.267380,358.223059,0.011259
0.020000,12.257224,3.412024,8.257314,3.672489,-0.273641,-0.313041,0.015905
0.020000,12.330549,3.413363,8.330652,3.666887,-0.280065,-0.321206,0.020630
0.020000,12.403753,3.415049,8.403875,3.661154,-0.286656,-0.329556,0.025436
0.020000,12.476830,3.417086,8.476981,3.655286,-0.293418,-0.338079,0.030325
0.020000,12.549776,3.419480,8.549966,3.649279,-0.300346,-0.346422,0.035300
0.020000,12.622587,3.422235,8.622829,3.643130,-0.307458,-0.355582,0.040362
0.020000,12.695257,3.425357,8.695566,3.636835,-0.314744,-0.364278,0.045513
0.020000,12.767780,3.428850,8.768173,3.630391,-0.322208,-0.373241,0.050756
0.020000,12.840153,3.432719,8.840649,3.623794,-0.329860,-0.382561,0.056092
0.020000,12.912369,3.436970,8.912990,3.617040,-0.337693,-0.391649,0.061524
0.020000,12.984422,3.441608,8.985193,3.610125,-0.345715,-0.401107,0.067054
0.020000,13.056307,3.446639,9.057253,3.603047,-0.353922,-0.410368,0.072685
0.020000,13.128018,3.452066,9.129169,3.595801,-0.362322,-0.419983,0.078418
0.020000,13.199549,3.457896,9.200937,3.588382,-0.370905,-0.429181,0.084256
0.020000,13.270892,3.464135,9.272553,3.580789,-0.379685,-0.438956,0.090203
0.020000,13.342042,3.470787,9.344013,3.573016,-0.388646,-0.448082,0.096259
0.020000,13.412992,3.477857,9.415314,3.565060,-0.397800,-0.457696,0.102428
0.020000,13.483734,3.485353,9.486453,3.556917,-0.407136,-0.466777,0.108713
0.020000,13.554262,3.493278,9.557424,3.548584,-0.416654,-0.475937,0.115116
0.020000,13.624568,3.501639,9.628226,3.540057,-0.426351,-0.484815,0.121640
0.020000,13.694644,3.510441,9.698852,3.531333,-0.436222,-0.493557,0.128288
0.020000,13.764482,3.519690,9.769300,3.522407,-0.446256,-0.501732,0.135062
0.020000,13.834075,3.529391,9.839566,3.513278,-0.456457,-0.510046,0.141966
0.020000,13.903414,3.539549,9.909645,3.503942,-0.466802,-0.517230,0.149002
0.020000,13.972490,3.550171,9.979533,3.494396,-0.477294,-0.524610,0.156173
0.020000,14.041294,3.561262,10.049225,3.484638,-0.487912,-0.530906,0.163483
0.020000,14.109819,3.572826,10.118719,3.474665,-0.498645,-0.536657,0.170935
0.020000,14.178053,3.584871,10.188008,3.464476,-0.509480,-0.541716,0.178531
0.020000,14.245989,3.597401,10.257090,3.454068,-0.520398,-0.545888,0.186274
0.020000,14.313615,3.610421,10.325958,3.443440,-0.531377,-0.548957,0.194169
0.020000,14.380924,3.623938,10.394610,3.432592,-0.542393,-0.550813,0.202217
0.020000,14.447903,3.637955,10.463041,3.421524,-0.553429,-0.551813,0.210422
0.020000,14.514543,3.652479,10.531245,3.410235,-0.564449,-0.550968,0.218788
0.020000,14.580834,3.667515,10.599220,3.398726,-0.575424,-0.548786,0.227316
0.020000,14.646765,3.683067,10.666960,3.387000,-0.586323,-0.544944,0.236011
0.020000,14.712324,3.699140,10.734461,3.375058,-0.597104,-0.539027,0.244875
0.020000,14.777502,3.715739,10.801719,3.362903,-0.607730,-0.531293,0.253912
0.020000,14.842286,3.732869,10.868730,3.350540,-0.618152,-0.521133,0.263124
0.020000,14.906666,3.750534,10.935489,3.337974,-0.628323,-0.508522,0.272514
0.020000,14.970630,3.768739,11.001994,3.325210,-0.638190,-0.493379,0.282086
0.020000,15.034167,3.787488,11.068239,3.312256,-0.647698,-0.475385,0.291841
0.020000,15.097264,3.806785,11.134221,3.299120,-0.656780,-0.454093,0.301782
0.020000,15.159911,3.826634,11.199937,3.285813,-0.665376,-0.429822,0.311912
0.020000,15.222096,3.847038,11.265384,3.272345,-0.673412,-0.401770,0.322233
0.020000,15.283807,3.868001,11.330559,3.258728,-0.680815,-0.370172,0.332747
0.020000,15.345033,3.889527,11.395458,3.244978,-0.687504,-0.334472,0.343457
0.020000,15.405762,3.911618,11.460081,3.231110,-0.693401,-0.294824,0.354363
0.020000,15.465983,3.934278,11.524424,3.217142,-0.698413,-0.250607,0.365467
0.020000,15.525684,3.957510,11.588485,3.203093,-0.702454,-0.202026,0.376770
0.020000,15.584854,3.981315,11.652265,3.188984,-0.705426,-0.148638,0.388274
0.020000,15.643483,4.005697,11.715762,3.174839,-0.707239,-0.090609,0.399978
0.020000,15.701561,4.030657,11.778976,3.160684,-0.707786,-0.027393,0.411883
0.020000,15.759076,4.056198,11.841906,3.146544,-0.706975,0.040567,0.423988
0.020000,15.816018,4.082321,11.904555,3.132450,-0.704702,0.113652,0.436294
0.020000,15.872379,4.109029,11.966924,3.118433,-0.700867,0.191737,0.448798
0.020000,15.928149,4.136322,12.029015,3.104525,-0.695372,0.274765,0.461500
0.020000,15.983320,4.164203,12.090830,3.090763,-0.688123,0.362439,0.474396
0.020000,16.037882,4.192673,12.152373,3.077182,-0.679026,0.454856,0.487485
0.020000,16.091830,4.221733,12.213650,3.063822,-0.667998,0.551405,0.500764
0.020000,16.145155,4.251384,12.274664,3.050723,-0.654957,0.652025,0.514229
0.020000,16.197851,4.281628,12.335423,3.037927,-0.639837,0.756032,0.527875
0.020000,16.249913,4.312467,12.395932,3.025475,-0.622574,0.863156,0.541698
0.020000,16.301334,4.343900,12.456201,3.013413,-0.603122,0.972572,0.555691
0.020000,16.352112,4.375930,12.516236,3.001784,-0.581449,1.083685,0.569850
0.020000,16.402241,4.408558,12.576049,2.990633,-0.557531,1.195859,0.584167
0.020000,16.451720,4.441786,12.635649,2.980006,-0.531371,1.308041,0.598635
0.020000,16.500544,4.475615,12.695048,2.969946,-0.502980,1.419535,0.613245
0.020000,16.548713,4.510047,12.754258,2.960498,-0.472395,1.529247,0.627989
0.020000,16.596225,4.545084,12.813292,2.951705,-0.439671,1.636184,0.642858
0.020000,16.643080,4.580729,12.872164,2.943607,-0.404882,1.739470,0.657842
0.020000,16.689278,4.616983,12.930889,2.936245,-0.368125,1.837832,0.672931
0.020000,16.734820,4.653849,12.989482,2.929654,-0.329517,1.930402,0.688112
0.020000,16.779706,4.691330,13.047960,2.923870,-0.289195,2.016115,0.703376
0.020000,16.823939,4.729429,13.106338,2.918924,-0.247317,2.093915,0.718710
0.020000,16.867520,4.768149,13.164635,2.914843,-0.204058,2.162942,0.734102
0.020000,16.910452,4.807492,13.222868,2.911651,-0.159609,2.222455,0.749539
0.020000,16.952737,4.847464,13.281055,2.909367,-0.114179,2.271480,0.765009
0.020000,16.994379,4.888066,13.339215,2.908007,-0.067986,2.309644,0.780498
0.020000,17.035382,4.929302,13.397367,2.907582,-0.021261,2.336281,0.795993
0.020000,17.075747,4.971176,13.455529,2.908097,0.025762,2.351146,0.811480
0.020000,17.115480,5.013691,13.513720,2.909554,0.072841,2.353938,0.826947
0.020000,17.154583,5.056851,13.571959,2.911949,0.119736,2.344735,0.842380
0.020000,17.193060,5.100657,13.630265,2.915273,0.166207,2.323542,0.857766
0.020000,17.230915,5.145115,13.688655,2.919514,0.212020,2.290691,0.873092
0.020000,17.268151,5.190224,13.747148,2.924653,0.256952,2.246572,0.888344
0.020000,17.304772,5.235990,13.805761,2.930668,0.300787,2.191742,0.903512
0.020000,17.340781,5.282412,13.864512,2.937535,0.343324,2.126875,0.918582
0.020000,17.376181,5.329492,13.923416,2.945222,0.384380,2.052764,0.933543
0.020000,17.410975,5.377232,13.982490,2.953698,0.423785,1.970285,0.948384
0.020000,17.445167,5.425631,14.041749,2.962926,0.461393,1.880391,0.963093
0.020000,17.478759,5.474690,14.101206,2.972867,0.497075,1.784086,0.977662
0.020000,17.511753,5.524407,14.160876,2.983482,0.530723,1.682413,0.992081
0.020000,17.544153,5.574782,14.220770,2.994727,0.562251,1.576417,1.006339
0.020000,17.575961,5.625811,14.280902,3.006559,0.591594,1.467156,1.020430
0.020000,17.607179,5.677493,14.341280,3.018933,0.618707,1.355639,1.034346
0.020000,17.637810,5.729824,14.401916,3.031804,0.643565,1.242879,1.048079
0.020000,17.667856,5.782799,14.462819,3.045127,0.666161,1.129788,1.061623
0.020000,17.697319,5.836414,14.523996,3.058858,0.686506,1.017265,1.074972
0.020000,17.726201,5.890664,14.585455,3.072950,0.704628,0.906100,1.088121
0.020000,17.754505,5.945542,14.647202,3.087361,0.720569,0.797034,1.101066
0.020000,17.782234,6.001041,14.709243,3.102049,0.734383,0.690700,1.113803
0.020000,17.809389,6.057156,14.771583,3.116972,0.746137,0.587706,1.126328
0.020000,17.835973,6.113876,14.834225,3.132090,0.755906,0.488452,1.138638
0.020000,17.861990,6.171196,14.897172,3.147365,0.763775,0.393454,1.150732
0.020000,17.887442,6.229104,14.960427,3.162762,0.769833,0.302909,1.162608
0.020000,17.912332,6.287593,15.023992,3.178246,0.774176,0.217167,1.174263
0.020000,17.936664,6.346653,15.087868,3.193784,0.776903,0.136347,1.185699
0.020000,17.960441,6.406274,15.152055,3.209346,0.778115,0.060572,1.196914
0.020000,17.983666,6.466446,15.216553,3.224904,0.777912,-0.010126,1.207908
0.020000,18.006343,6.527157,15.281361,3.240432,0.776399,-0.075662,1.218681
0.020000,18.028477,6.588398,15.346479,3.255906,0.773675,-0.136206,1.229236
0.020000,18.050072,6.650158,15.411905,3.271303,0.769839,-0.191790,1.239572
0.020000,18.071132,6.712425,15.477638,3.286602,0.764990,-0.242461,1.249691
0.020000,18.091662,6.775188,15.543673,3.301787,0.759219,-0.288538,1.259594
0.020000,18.111667,6.838436,15.610010,3.316839,0.752619,-0.329996,1.269284
0.020000,18.131152,6.902159,15.676645,3.331745,0.745275,-0.367214,1.278763
0.020000,18.150122,6.966344,15.743575,3.346490,0.737270,-0.400242,1.288032
0.020000,18.168584,7.030980,15.810796,3.361064,0.728682,-0.429403,1.297095
0.020000,18.186542,7.096057,15.878305,3.375455,0.719585,-0.454857,1.305954
0.020000,18.204003,7.161563,15.946098,3.389656,0.710048,-0.476846,1.314611
0.020000,18.220972,7.227487,16.014171,3.403659,0.700136,-0.495600,1.323069
0.020000,18.237456,7.293819,16.082521,3.417457,0.689909,-0.511332,1.331332
0.020000,18.253461,7.360547,16.151141,3.431046,0.679424,-0.524241,1.339403
0.020000,18.268994,7.427661,16.220030,3.444420,0.668732,-0.534617,1.347283
0.020000,18.284061,7.495152,16.289181,3.457578,0.657881,-0.542534,1.354977
0.020000,18.298670,7.563007,16.358592,3.470516,0.646916,-0.548273,1.362487
0.020000,18.312826,7.631219,16.428256,3.483234,0.635875,-0.552048,1.369817
0.020000,18.326536,7.699776,16.498171,3.495730,0.624795,-0.553991,1.376970
0.020000,18.339809,7.768669,16.568331,3.508004,0.613711,-0.554230,1.383948
0.020000,18.352650,7.837889,16.638732,3.520057,0.602650,-0.553012,1.390756
0.020000,18.365067,7.907427,16.709370,3.531890,0.591641,-0.550452,1.397396
0.020000,18.377068,7.977273,16.780240,3.543504,0.580708,-0.546643,1.403871
0.020000,18.388658,8.047420,16.851338,3.554901,0.569873,-0.541792,1.410184
0.020000,18.399846,8.117859,16.922660,3.566084,0.559153,-0.535995,1.416339
0.020000,18.410639,8.188581,16.994201,3.577056,0.548567,-0.529295,1.422338
0.020000,18.421045,8.259579,17.065957,3.587818,0.538129,-0.521911,1.428184
0.020000,18.431069,8.330845,17.137925,3.598375,0.527852,-0.513845,1.433881
0.020000,18.440721,8.402371,17.210099,3.608730,0.517747,-0.505256,1.439431
0.020000,18.450007,8.474151,17.282477,3.618887,0.507824,-0.496116,1.444837
0.020000,18.458934,8.546177,17.355054,3.628849,0.498091,-0.486662,1.450101
0.020000,18.467510,8.618442,17.427827,3.638620,0.488555,-0.476790,1.455227
0.020000,18.475742,8.690940,17.500791,3.648204,0.479221,-0.466688,1.460217
0.020000,18.483637,8.763665,17.573943,3.657606,0.470095,-0.456321,1.465074
0.020000,18.491202,8.836611,17.647279,3.666830,0.461179,-0.445808,1.469799
0.020000,18.498446,8.909770,17.720797,3.675879,0.452476,-0.435134,1.474397
0.020000,18.505374,8.983139,17.794492,3.684759,0.443988,-0.424423,1.478868
0.020000,18.511995,9.056711,17.868362,3.693473,0.435717,-0.413549,1.483216
0.020000,18.518314,9.130482,17.942402,3.702026,0.427662,-0.402756,1.487443
0.020000,18.524340,9.204445,18.016611,3.710423,0.419823,-0.391913,1.491550
0.020000,18.530079,9.278597,18.090984,3.718667,0.412201,-0.381099,1.495541
0.020000,18.535538,9.352932,18.165519,3.726763,0.404795,-0.370336,1.499416
0.020000,18.540724,9.427446,18.240213,3.734715,0.397602,-0.359640,1.503179
0.020000,18.545644,9.502135,18.315064,3.742527,0.390621,-0.349029,1.506831
0.020000,18.550305,9.576994,18.390068,3.750204,0.383851,-0.338525,1.510374
0.020000,18.554714,9.652019,18.465223,3.757750,0.377289,-0.328107,1.513811
0.020000,18.558877,9.727207,18.540526,3.765169,0.370932,-0.317814,1.517142
0.020000,18.562801,9.802555,18.615976,3.772464,0.364779,-0.307664,1.520369
0.020000,18.566493,9.878057,18.691569,3.779641,0.358826,-0.297638,1.523495
0.020000,18.569959,9.953712,18.767303,3.786702,0.353071,-0.287750,1.526520
0.020000,18.573205,10.029516,18.843176,3.793652,0.347511,-0.278005,1.529447
0.020000,18.576239,10.105465,18.919186,3.800495,0.342143,-0.268428,1.532277
0.020000,18.579067,10.181557,18.995330,3.807235,0.336964,-0.258952,1.535011
0.020000,18.581695,10.257789,19.071608,3.813874,0.331970,-0.249696,1.537651
0.020000,18.584129,10.334159,19.148016,3.820417,0.327159,-0.240516,1.540198
0.020000,18.586376,10.410663,19.224553,3.826868,0.322528,-0.231554,1.542654
0.020000,18.588442,10.487300,19.301218,3.833229,0.318075,-0.222677,1.545020
0.020000,18.590333,10.564067,19.378008,3.839505,0.313794,-0.214017,1.547296
0.020000,18.592056,10.640961,19.454922,3.845699,0.309685,-0.205447,1.549485
0.020000,18.593616,10.717982,19.531958,3.851814,0.305745,-0.197031,1.551587
0.020000,18.595019,10.795126,19.609115,3.857853,0.301969,-0.188786,1.553603
0.020000,18.596273,10.872392,19.686392,3.863820,0.298356,-0.180652,1.555535
0.020000,18.597382,10.949779,19.763786,3.869718,0.294903,-0.172634,1.557383
0.020000,18.598353,11.027284,19.841297,3.875550,0.291608,-0.164789,1.559148
0.020000,18.599191,11.104906,19.918924,3.881320,0.288467,-0.157042,1.560831
0.020000,18.599903,11.182643,19.996664,3.887029,0.285478,-0.149413,1.562434
0.020000,18.600494,11.260494,20.074518,3.892682,0.282640,-0.141924,1.563956
0.020000,18.600971,11.338458,20.152483,3.898281,0.279950,-0.134513,1.565399
0.020000,18.601338,11.416534,20.230560,3.903829,0.277405,-0.127240,1.566763
0.020000,18.601603,11.494720,20.308747,3.909329,0.275004,-0.120053,1.568049
0.020000,18.601770,11.573016,20.387042,3.914784,0.272745,-0.112960,1.569258
0.020000,18.601846,11.651420,20.465446,3.920197,0.270625,-0.105979,1.570390
0.020000,18.601836,11.729931,20.543958,3.925570,0.268644,-0.099058,1.571445
0.020000,18.601746,11.808549,20.622576,3.930906,0.266799,-0.092242,1.572425
0.020000,18.601581,11.887273,20.701300,3.936207,0.265089,-0.085488,1.573330
0.020000,18.601348,11.966102,20.780129,3.941478,0.263513,-0.078812,1.574160
0.020000,18.601053,12.045036,20.859064,3.946719,0.262069,-0.072208,1.574916
0.020000,18.600700,12.124074,20.938102,3.951934,0.260756,-0.065644,1.575598
0.020000,18.600295,12.203216,21.017245,3.957126,0.259573,-0.059157,1.576206
0.020000,18.599845,12.282460,21.096491,3.962296,0.258519,-0.052711,1.576741
0.020000,18.599354,12.361808,21.175840,3.967448,0.257592,-0.046311,1.577203
0.020000,18.598829,12.441258,21.255292,3.972584,0.256793,-0.039951,1.577592
0.020000,18.598276,12.520810,21.334846,3.977706,0.256121,-0.033622,1.577908
0.020000,18.597699,12.600464,21.414502,3.982818,0.255574,-0.027327,1.578151
0.020000,18.597105,12.680220,21.494260,3.987921,0.255153,-0.021053,1.578323
0.020000,18.596499,12.760078,21.574121,3.993018,0.254858,-0.014794,1.578422
0.020000,18.595888,12.840038,21.654083,3.998112,0.254686,-0.008553,1.578449
0.020000,18.595277,12.920100,21.734147,4.003204,0.254640,-0.002316,1.578403
0.020000,18.594671,13.000264,21.814313,4.008299,0.254718,0.003918,1.578285
0.020000,18.594077,13.080529,21.894581,4.013397,0.254922,0.010157,1.578095
0.020000,18.593501,13.160897,21.974951,4.018502,0.255250,0.016401,1.577833
0.020000,18.592947,13.241368,22.055423,4.023616,0.255703,0.022661,1.577498
0.020000,18.592423,13.321941,22.135998,4.028742,0.256282,0.028946,1.577090
0.020000,18.591934,13.402617,22.216676,4.033882,0.256987,0.035241,1.576610
0.020000,18.591487,13.483397,22.297457,4.039038,0.257818,0.041583,1.576056
0.020000,18.591086,13.564280,22.378341,4.044213,0.258777,0.047953,1.575429
0.020000,18.590739,13.645267,22.459329,4.049411,0.259865,0.054363,1.574728
0.020000,18.590451,13.726359,22.540422,4.054632,0.261081,0.060816,1.573953
0.020000,18.590229,13.807557,22.621619,4.059881,0.262427,0.067329,1.573104
0.020000,18.590078,13.888860,22.702923,4.065159,0.263905,0.073893,1.572179
0.020000,18.590006,13.970269,22.784332,4.070469,0.265516,0.080522,1.571180
0.020000,18.590000,14.050730,22.864793,4.023042,-2.371387,-131.845130,1.570796
0.020000,18.590000,14.130730,22.944793,4.000000,-1.152079,60.965379,1.570796
0.020000,18.590000,14.210730,23.024793,4.000000,-0.000000,57.603962,1.570796
0.020000,18.590000,14.290730,23.104793,4.000000,-0.000000,-0.000000,1.570796
0.020000,18.590000,14.370730,23.184793,4.000000,-0.000000,-0.000000,1.570796
0.020000,18.590000,14.450730,23.264793,4.000000,0.000000,0.000000,1.570796
0.020000,18.590000,14.530730,23.344793,4.000000,0.000000,0.000000,1.570796
0.020000,18.590000,14.610730,23.424793,4.000000,0.000000,0.000000,1.570796
0.020000,18.590000,14.690730,23.504793,4.000000,0.000000,-0.000000,1.570796
0.020000,18.590000,14.770730,23.584793,4.000000,-0.000000,-0.000000,1.570796
0.020000,18.590000,14.850730,23.664793,4.000000,0.000000,0.000000,1.570796
0.020000,18.590000,14.930730,23.744793,4.000000,-0.000000,-0.000000,1.570796
0.020000,18.590000,15.010730,23.824793,4.000000,-0.000000,-0.000000,1.570796
0.020000,18.590000,15.090730,23.904793,4.000000,-0.000000,-0.000000,1.570796
0.020000,18.590000,15.170730,23.984793,4.000000,0.000000,0.000000,1.570796
0.020000,18.590000,15.250730,24.064793,4.000000,0.000000,0.000000,1.570796
0.020000,18.590000,15.330730,24.144793,4.000000,0.000000,0.000000,1.570796
0.020000,18.590000,15.410730,24.224793,4.000000,0.000000,0.000000,1.570796
0.020000,18.590000,15.490730,24.304793,4.000000,0.000000,0.000000,1.570796
0.020000,18.590000,15.570730,24.384793,4.000000,0.000000,0.000000,1.570796
0.020000,18.590000,15.650730,24.464793,4.000000,0.000000,0.000000,1.570796
0.020000,18.590000,15.730730,24.544793,4.000000,0.000000,0.000000,1.570796
0.020000,18.590000,15.810730,24.624793,4.000000,0.000000,0.000000,1.570796
0.020000,18.590000,15.890730,24.704793,4.000000,0.000000,0.000000,1.570796
0.020000,18.590000,15.970730,24.784793,4.000000,0.000000,0.000000,1.570796
0.020000,18.590000,16.050730,24.864793,4.000000,0.000000,0.000000,1.570796
0.020000,18.590000,16.130730,24.944793,4.000000,-0.000000,-0.000000,1.570796
0.020000,18.590000,16.210730,25.024793,4.000000,0.000000,0.000000,1.570796
0.020000,18.590000,16.290730,25.104793,4.000000,-0.000000,-0.000000,1.570796
0.020000,18.590000,16.370730,25.184793,4.000000,0.000000,0.000000,1.570796
0.020000,18.590000,16.450730,25.264793,4.000000,-0.000000,-0.000000,1.570796
0.020000,18.590000,16.530730,25.344793,4.000000,0.000000,0.000000,1.570796
0.020000,18.590000,16.610730,25.424793,4.000000,-0.000000,-0.000000,1.570796
0.020000,18.590000,16.690730,25.504793,4.000000,0.000000,0.000000,1.570796
0.020000,18.590000,16.770730,25.584793,4.000000,-0.000000,-0.000000,1.570796
0.020000,18.590000,16.850730,25.664793,4.000000,0.000000,0.000000,1.570796
0.020000,18.590000,16.930730,25.744793,4.000000,-0.000000,-0.000000,1.570796
0.020000,18.590000,17.010730,25.824793,4.000000,0.000000,0.000000,1.570796
0.020000,18.590000,17.090730,25.904793,4.000000,-0.000000,-0.000000,1.570796
0.020000,18.590000,17.170730,25.984793,4.000000,0.000000,0.000000,1.570796
0.020000,18.590000,17.250730,26.064793,4.000000,0.000000,0.000000,1.570796
0.020000,18.590000,17.330730,26.144793,4.000000,0.000000,-0.000000,1.570796
0.020000,18.590000,17.410730,26.224793,4.000000,-0.000000,-0.000000,1.570796
0.020000,18.590000,17.490730,26.304793,4.000000,0.000000,0.000000,1.570796
0.020000,18.590000,17.570730,26.384793,4.000000,0.000000,0.000000,1.570796
0.020000,18.590000,17.650730,26.464793,4.000000,-0.000000,-0.000000,1.570796
0.020000,18.590000,17.730730,26.544793,4.000000,0.000000,0.000000,1.570796
0.020000,18.590000,17.810730,26.624793,4.000000,-0.000000,-0.000000,1.570796
0.020000,18.590000,17.890730,26.704793,4.000000,0.000000,0.000000,1.570796
0.020000,18.590000,17.970730,26.784793,4.000000,-0.000000,-0.000000,1.570796
0.020000,18.590000,18.050730,26.864793,4.000000,0.000000,0.000000,1.570796
0.020000,18.590000,18.130730,26.944793,4.000000,0.000000,-0.000000,1.570796
0.020000,18.590000,18.210730,27.024793,4.000000,-0.000000,-0.000000,1.570796
0.020000,18.590000,18.290730,27.104793,4.000000,0.000000,0.000000,1.570796
0.020000,18.590000,18.370730,27.184793,4.000000,-0.000000,-0.000000,1.570796
0.020000,18.590000,18.450730,27.264793,4.000000,0.000000,0.000000,1.570796
0.020000,18.590000,18.530730,27.344793,4.000000,-0.000000,-0.000000,1.570796
0.020000,18.590000,18.610730,27.424793,4.000000,0.000000,0.000000,1.570796
0.020000,18.590000,18.690730,27.504793,4.000000,-0.000000,-0.000000,1.570796
0.020000,18.590000,18.770730,27.584793,4.000000,0.000000,0.000000,1.570796
0.020000,18.590000,18.850730,27.664793,4.000000,-0.000000,-0.000000,1.570796
0.020000,18.590000,18.930730,27.744793,4.000000,0.000000,0.000000,1.570796
0.020000,18.590000,19.010730,27.824793,4.000000,-0.000000,-0.000000,1.570796
0.020000,18.590000,19.090730,27.904793,4.000000,0.000000,0.000000,1.570796
0.020000,18.590000,19.170730,27.984793,4.000000,0.000000,0.000000,1.570796
0.020000,18.590000,19.250730,28.064793,4.000000,0.000000,-0.000000,1.570796
0.020000,18.590000,19.330730,28.144793,4.000000,-0.000000,-0.000000,1.570796
0.020000,18.590000,19.410730,28.224793,4.000000,0.000000,0.000000,1.570796
0.020000,18.590000,19.490730,28.304793,4.000000,0.000000,0.000000,1.570796
0.020000,18.590000,19.570730,28.384793,4.000000,0.000000,-0.000000,1.570796
0.020000,18.590000,19.650730,28.464793,4.000000,-0.000000,-0.000000,1.570796
0.020000,18.590000,19.730730,28.544793,4.000000,0.000000,0.000000,1.570796
0.020000,18.590000,19.810730,28.624793,4.000000,0.000000,0.000000,1.570796
0.020000,18.590000,19.890730,28.704793,4.000000,-0.000000,-0.000000,1.570796
0.020000,18.590000,19.970730,28.784793,4.000000,0.000000,0.000000,1.570796
0.020000,18.590000,20.050730,28.864793,4.000000,-0.000000,-0.000000,1.570796
0.020000,18.590000,20.130730,28.944793,4.000000,0.000000,0.000000,1.570796
0.020000,18.590000,20.210730,29.024793,4.000000,-0.000000,-0.000000,1.570796
0.020000,18.590000,20.290730,29.104793,4.000000,0.000000,0.000000,1.570796
0.020000,18.590000,20.370730,29.184793,4.000000,-0.000000,-0.000000,1.570796
0.020000,18.590000,20.450730,29.264793,4.000000,0.000000,0.000000,1.570796
0.020000,18.590000,20.530730,29.344793,4.000000,-0.000000,-0.000000,1.570796
0.020000,18.590000,20.610730,29.424793,4.000000,0.000000,0.000000,1.570796
0.020000,18.590000,20.690730,29.504793,4.000000,-0.000000,-0.000000,1.570796
0.020000,18.590000,20.770730,29.584793,4.000000,0.000000,0.000000,1.570796
0.020000,18.590000,20.850730,29.664793,4.000000,-0.000000,-0.000000,1.570796
0.020000,18.590000,20.930730,29.744793,4.000000,0.000000,0.000000,1.570796
0.020000,18.590000,21.010730,29.824793,4.000000,0.000000,-0.000000,1.570796
0.020000,18.590000,21.090730,29.904793,4.000000,0.000000,0.000000,1.570796
0.020000,18.590000,21.170730,29.984793,4.000000,-0.000000,-0.000000,1.570796
0.020000,18.590000,21.250730,30.064793,4.000000,0.000000,0.000000,1.570796
0.020000,18.590000,21.330730,30.144793,4.000000,0.000000,0.000000,1.570796
0.020000,18.590000,21.410730,30.224793,4.000000,0.000000,-0.000000,1.570796
0.020000,18.590000,21.490730,30.304793,4.000000,-0.000000,-0.000000,1.570796
0.020000,18.590000,21.570730,30.384793,4.000000,0.000000,0.000000,1.570796
0.020000,18.590000,21.650730,30.464793,4.000000,0.000000,0.000000,1.570796
0.020000,18.590000,21.730730,30.544793,4.000000,0.000000,-0.000000,1.570796
0.020000,18.590000,21.810730,30.624793,4.000000,-0.000000,-0.000000,1.570796
0.020000,18.590000,21.890730,30.704793,4.000000,0.000000,0.000000,1.570796
0.020000,18.590000,21.970730,30.784793,4.000000,0.000000,0.000000,1.570796
0.020000,18.590267,22.062729,30.876792,4.599981,29.999073,1499.953647,1.562243
0.020000,18.591812,22.162397,30.976472,4.983977,19.199782,-539.964527,1.548285
0.020000,18.594800,22.262852,31.076972,5.025001,2.051212,-857.428506,1.533746
0.020000,18.599318,22.364117,31.178337,5.068260,2.162950,5.586874,1.518592
0.020000,18.605457,22.466210,31.280614,5.113860,2.279989,5.851939,1.502792
0.020000,18.613316,22.569148,31.383852,5.161903,2.402125,6.106840,1.486311
0.020000,18.623002,22.672947,31.488102,5.212483,2.529007,6.344062,1.469111
0.020000,18.634627,22.777617,31.593416,5.265685,2.660092,6.554250,1.451157
0.020000,18.648315,22.883165,31.699847,5.321577,2.794605,6.725684,1.432410
0.020000,18.664195,22.989591,31.807451,5.380207,2.931494,6.844460,1.412832
0.020000,18.682407,23.096888,31.916283,5.441594,3.069364,6.893461,1.392382
0.020000,18.703099,23.205041,32.026398,5.505722,3.206424,6.853020,1.371023
0.020000,18.726427,23.314023,32.137848,5.572531,3.340421,6.699848,1.348716
0.020000,18.752554,23.423794,32.250686,5.641902,3.468581,6.407995,1.325425
0.020000,18.781652,23.534301,32.364959,5.713653,3.587550,5.948458,1.301116
0.020000,18.813895,23.645469,32.480710,5.787521,3.693359,5.290431,1.275759
0.020000,18.849465,23.757207,32.597973,5.863149,3.781402,4.402161,1.249329
0.020000,18.888542,23.869398,32.716774,5.940078,3.846462,3.253021,1.221807
0.020000,18.931305,23.981900,32.837129,6.017733,3.882783,1.816011,1.193184
0.020000,18.977925,24.094542,32.959037,6.095418,3.884203,0.071017,1.163458
0.020000,19.028565,24.207123,33.082484,6.172305,3.844383,-1.991016,1.132642
0.020000,19.083367,24.319413,33.207432,6.247447,3.757108,-4.363718,1.100760
0.020000,19.142455,24.431147,33.333828,6.319781,3.616693,-7.020754,1.067851
0.020000,19.205919,24.542032,33.461591,6.388150,3.418456,-9.911848,1.033972
0.020000,19.273818,24.651749,33.590618,6.451335,3.159250,-12.960319,0.999197
0.020000,19.346165,24.759953,33.720780,6.508095,2.837990,-16.063003,0.963616
0.020000,19.422927,24.866284,33.851924,6.557218,2.456124,-19.093300,0.927338
0.020000,19.504022,24.970374,33.983876,6.597577,2.017963,-21.908017,0.890488
0.020000,19.589314,25.071856,34.116439,6.628193,1.530805,-24.357931,0.853203
0.020000,19.678614,25.170372,34.249405,6.648289,1.004786,-26.300928,0.815633
0.020000,19.771685,25.265587,34.382552,6.657338,0.452455,-27.616583,0.777935
0.020000,19.868245,25.357196,34.515654,6.655099,-0.111937,-28.219575,0.740268
0.020000,19.967976,25.444936,34.648487,6.641632,-0.673333,-28.069785,0.702793
0.020000,20.070534,25.528586,34.780833,6.617295,-1.216877,-27.177229,0.665663
0.020000,20.175555,25.607980,34.912487,6.582717,-1.728894,-25.600840,0.629023
0.020000,20.282671,25.683002,35.043262,6.538763,-2.197720,-23.441285,0.593008
0.020000,20.391516,25.753589,35.172992,6.486476,-2.614305,-20.829273,0.557734
0.020000,20.501735,25.819728,35.301532,6.427026,-2.972534,-17.911440,0.523303
0.020000,20.612993,25.881452,35.428765,6.361641,-3.269256,-14.836094,0.489801
0.020000,20.724981,25.938830,35.554596,6.291559,-3.504075,-11.740948,0.457292
0.020000,20.837416,25.991969,35.678956,6.217980,-3.678952,-8.743840,0.425828
0.020000,20.950047,26.040999,35.801796,6.142026,-3.797706,-5.937741,0.395441
0.020000,21.062656,26.086072,35.923091,6.064716,-3.865479,-3.388638,0.366151
0.020000,21.175053,26.127355,36.042830,5.986952,-3.888218,-1.136942,0.337965
0.020000,21.287080,26.165023,36.161020,5.909507,-3.872230,0.799384,0.310877
0.020000,21.398605,26.199254,36.277680,5.833031,-3.823817,2.420689,0.284874
0.020000,21.509522,26.230232,36.392841,5.758051,-3.748999,3.740888,0.259935
0.020000,21.619745,26.258133,36.506541,5.684984,-3.653333,4.783270,0.236033
0.020000,21.729210,26.283132,36.618824,5.614148,-3.541800,5.576665,0.213135
0.020000,21.837868,26.305397,36.729740,5.545773,-3.418754,6.152329,0.191208
0.020000,21.945684,26.325089,36.839340,5.480015,-3.287916,6.541879,0.170213
0.020000,22.052638,26.342361,36.947679,5.416967,-3.152405,6.775563,0.150113
0.020000,22.158717,26.357358,37.054813,5.356671,-3.014782,6.881114,0.130869
0.020000,22.263917,26.370214,37.160795,5.299129,-2.877110,6.883629,0.112440
0.020000,22.368241,26.381057,37.265681,5.244309,-2.741015,6.804750,0.094789
0.020000,22.471697,26.390006,37.369524,5.192154,-2.607749,6.663300,0.077878
0.020000,22.574299,26.397173,37.472376,5.142589,-2.478249,6.474989,0.061671
0.020000,22.676062,26.402659,37.574287,5.095525,-2.353192,6.252830,0.046131
0.020000,22.777004,26.406561,37.675304,5.050864,-2.233040,6.007615,0.031224
0.020000,22.877145,26.408968,37.775474,5.008503,-2.118083,5.747869,0.016919
0.020000,22.976507,26.409963,37.874841,4.968333,-2.008472,5.480519,0.003183
0.020000,23.064022,26.409931,37.962356,4.375768,-29.628241,-1380.988445,6.280994
0.020000,23.148564,26.409612,38.046899,4.227127,-7.432057,1109.809207,6.277772
0.020000,23.233667,26.409000,38.132004,4.255263,1.406774,441.941578,6.274151
0.020000,23.319344,26.408056,38.217686,4.284123,1.443014,1.811979,6.270121
0.020000,23.405610,26.406740,38.303962,4.313797,1.483679,2.033272,6.265670
0.020000,23.492480,26.405009,38.390850,4.344376,1.528982,2.265153,6.260785
0.020000,23.579972,26.402818,38.478369,4.375959,1.579156,2.508664,6.255452
0.020000,23.668104,26.400121,38.566542,4.408648,1.634452,2.764830,6.249656
0.020000,23.756895,26.396867,38.655393,4.442551,1.695146,3.034677,6.243378
0.020000,23.846368,26.393003,38.744949,4.477782,1.761528,3.319106,6.236601
0.020000,23.936543,26.388473,38.835238,4.514460,1.833907,3.618959,6.229304
0.020000,24.027445,26.383217,38.926292,4.552712,1.912604,3.934858,6.221464
0.020000,24.119100,26.377169,39.018145,4.592671,1.997950,4.267284,6.213057
0.020000,24.211531,26.370263,39.110835,4.634477,2.090276,4.616300,6.204057
0.020000,24.304768,26.362422,39.204401,4.678275,2.189908,4.981596,6.194436
0.020000,24.398837,26.353569,39.298885,4.724218,2.297153,5.362268,6.184163
0.020000,24.493766,26.343617,39.394334,4.772463,2.412286,5.756617,6.173206
0.020000,24.589583,26.332475,39.490798,4.823174,2.535526,6.162017,6.161529
0.020000,24.686318,26.320042,39.588328,4.876514,2.667016,6.574501,6.149096
0.020000,24.783997,26.306213,39.686981,4.932650,2.806786,6.988510,6.135866
0.020000,24.882646,26.290870,39.786816,4.991744,2.954716,7.396483,6.121798
0.020000,24.982288,26.273888,39.887895,5.053954,3.110483,7.788344,6.106848
0.020000,25.082944,26.255133,39.990283,5.119424,3.273501,8.150931,6.090969
0.020000,25.184629,26.234459,40.094049,5.188281,3.442851,8.467458,6.074113
0.020000,25.287353,26.211709,40.199261,5.260625,3.617187,8.716811,6.056231
0.020000,25.391116,26.186716,40.305992,5.336518,3.794645,8.872918,6.037272
0.020000,25.495908,26.159300,40.414311,5.415972,3.972727,8.904084,6.017186
0.020000,25.601708,26.129271,40.524290,5.498936,4.148183,8.772797,5.995923
0.020000,25.708476,26.096427,40.635995,5.585274,4.316892,8.435467,5.973435
0.020000,25.816154,26.060558,40.749490,5.674749,4.473750,7.842916,5.949678
0.020000,25.924660,26.021446,40.864830,5.767000,4.612587,6.941850,5.924612
0.020000,26.033885,25.978868,40.982061,5.861523,4.726126,5.676944,5.898205
0.020000,26.143688,25.932601,41.101214,5.957643,4.806023,3.994850,5.870434
0.020000,26.253893,25.882425,41.222304,6.054504,4.843013,1.849495,5.841289
0.020000,26.364285,25.828132,41.345325,6.151048,4.827200,-0.790645,5.810774
0.020000,26.474608,25.769532,41.470245,6.246018,4.748518,-3.934105,5.778912
0.020000,26.584563,25.706461,41.597004,6.337966,4.597386,-7.556601,5.745746
0.020000,26.693808,25.638792,41.725510,6.425277,4.365540,-11.592308,5.711340
0.020000,26.801830,25.566536,41.855471,6.498030,3.637654,-36.394274,5.675831
0.020000,26.907829,25.489981,41.986224,6.537652,1.981126,-82.826410,5.639477
0.020000,27.010887,25.409651,42.116891,6.533374,-0.213898,-109.751236,5.602618
0.020000,27.110265,25.326106,42.246720,6.491457,-2.095888,-94.099452,5.565576
0.020000,27.205536,25.239797,42.375273,6.427633,-3.191196,-54.765436,5.528594
0.020000,27.296454,25.151116,42.502278,6.350278,-3.867743,-33.827350,5.491862
0.020000,27.382827,25.060481,42.627478,6.259987,-4.514519,-32.338781,5.455563
0.020000,27.464525,24.968327,42.750632,6.157708,-5.113986,-29.973375,5.419869
0.020000,27.541478,24.875088,42.871526,6.044669,-5.651915,-26.896411,5.384932
0.020000,27.613677,24.781191,42.989972,5.922307,-6.118108,-23.309669,5.350884
0.020000,27.681170,24.687040,43.105815,5.792174,-6.506664,-19.427795,5.317836
0.020000,27.744051,24.593011,43.218933,5.655858,-6.815802,-15.456887,5.285874
0.020000,27.802457,24.499446,43.329231,5.514911,-7.047341,-11.576986,5.255065
0.020000,27.856559,24.406649,43.436647,5.370791,-7.205979,-7.931860,5.225454
0.020000,27.906551,24.314887,43.541143,5.224822,-7.298464,-4.624296,5.197067
0.020000,27.952643,24.224385,43.642706,5.078166,-7.332809,-1.717252,5.169914
0.020000,27.995060,24.135335,43.741343,4.931814,-7.317583,0.761301,5.143989
0.020000,28.034026,24.047892,43.837074,4.786587,-7.261349,2.811737,5.119279
0.020000,28.069768,23.962184,43.929937,4.643142,-7.172247,4.455087,5.095756
0.020000,28.102508,23.878307,44.019977,4.501988,-7.057721,5.726314,5.073389
0.020000,28.132461,23.796338,44.107247,4.363501,-6.924363,6.667892,5.052139
0.020000,28.159832,23.716332,44.191806,4.227944,-6.777849,7.325685,5.031966
0.020000,28.184817,23.638326,44.273716,4.095485,-6.622956,7.744652,5.012825
0.020000,28.207601,23.562344,44.353040,3.966212,-6.463606,7.967489,4.994670
0.020000,28.228356,23.488399,44.429843,3.840153,-6.302952,8.032725,4.977457
0.020000,28.247245,23.416492,44.504189,3.717284,-6.143472,7.973971,4.961141
0.020000,28.264417,23.346621,44.576139,3.597543,-5.987068,7.820223,4.945675
0.020000,28.280012,23.278773,44.645756,3.480840,-5.835148,7.596000,4.931019
0.020000,28.294160,23.212935,44.713098,3.367065,-5.688728,7.320985,4.917129
0.020000,28.306979,23.149087,44.778219,3.256095,-5.548495,7.011667,4.903967
0.020000,28.318579,23.087209,44.841175,3.147798,-5.414879,6.680785,4.891494
0.020000,28.329063,23.027278,44.902016,3.042036,-5.288104,6.338751,4.879675
0.020000,28.338523,22.969271,44.960790,2.938671,-5.168241,5.993180,4.868475
0.020000,28.347047,22.913164,45.017541,2.837566,-5.055237,5.650171,4.857862
0.020000,28.354713,22.858931,45.072313,2.738587,-4.948958,5.313961,4.847806
0.020000,28.361595,22.806549,45.125145,2.641603,-4.849202,4.987823,4.838279
0.020000,28.367761,22.755994,45.176074,2.546488,-4.755722,4.673973,4.829255
0.020000,28.373273,22.707242,45.225137,2.453123,-4.668250,4.373599,4.820708
0.020000,28.378188,22.660271,45.272365,2.361393,-4.586494,4.087802,4.812615
0.020000,28.382560,22.615058,45.317789,2.271190,-4.510162,3.816600,4.804955
0.020000,28.386436,22.571582,45.361437,2.182411,-4.438955,3.560355,4.797708
0.020000,28.389863,22.529823,45.403336,2.094959,-4.372585,3.318483,4.790854
0.020000,28.392882,22.489762,45.443511,2.008744,-4.310768,3.090873,4.784376
0.020000,28.395532,22.451380,45.481984,1.923679,-4.253234,2.876683,4.778258
0.020000,28.397847,22.414659,45.518778,1.839685,-4.199724,2.675488,4.772484
0.020000,28.399862,22.379583,45.553912,1.756685,-4.149995,2.486493,4.767041
0.020000,28.401605,22.346136,45.587404,1.674609,-4.103815,2.308986,4.761916
0.020000,28.403106,22.314304,45.619272,1.593389,-4.060969,2.142309,4.757095
0.020000,28.404390,22.284072,45.649531,1.512964,-4.021256,1.985619,4.752569
0.020000,28.405481,22.255427,45.678197,1.433274,-3.984489,1.838356,4.748326
0.020000,28.406400,22.228358,45.705282,1.354265,-3.950496,1.699639,4.744357
0.020000,28.407168,22.202851,45.730799,1.275882,-3.919114,1.569124,4.740653
0.020000,28.407804,22.178898,45.754761,1.198078,-3.890198,1.445790,4.737206
0.020000,28.408324,22.156488,45.777177,1.120806,-3.863613,1.329275,4.734008
0.020000,28.408745,22.135612,45.798058,1.044021,-3.839231,1.219087,4.731052
0.020000,28.409080,22.116261,45.817411,0.967683,-3.816943,1.114398,4.728332
0.020000,28.409342,22.098428,45.835246,0.891750,-3.796643,1.014982,4.725843
0.020000,28.409543,22.082106,45.851570,0.816185,-3.778241,0.920103,4.723578
0.020000,28.409694,22.067287,45.866389,0.740952,-3.761649,0.829613,4.721534
0.020000,28.409803,22.053968,45.879709,0.666016,-3.746794,0.742768,4.719706
0.020000,28.409880,22.042141,45.891536,0.591344,-3.733607,0.659311,4.718090
0.020000,28.409932,22.031803,45.901874,0.516903,-3.722031,0.578824,4.716683
0.020000,28.409965,22.022950,45.910727,0.442663,-3.712012,0.500931,4.715483
0.020000,28.409984,22.015578,45.918099,0.368593,-3.703505,0.425344,4.714486
0.020000,28.409994,22.009685,45.923993,0.294663,-3.696475,0.351533,4.713691
0.020000,28.409998,22.005268,45.928410,0.220846,-3.690888,0.279350,4.713097
0.020000,28.410000,22.002326,45.931352,0.147111,-3.686720,0.208393,4.712701
0.020000,28.410000,22.000734,45.932944,0.079606,-3.375264,15.572773,4.712487
0.020000,28.410000,22.000122,45.933555,0.030575,-2.451525,46.186952,4.712405
0.020000,28.410000,22.000000,45.933677,0.006100,-1.223758,61.388363,4.712389
0.020000,28.410000,22.000000,45.933677,0.000000,-0.305014,45.937182,4.712389
